year,trackable_open_rate,click_rate
2024,73.417,21.6275
2025,65.94625,14.630625
2026,71.68,28.665
