tipo_campaña,trackable_open_rate,click_rate,engagement_score
convocatorias,92.26866666666666,33.757333333333335,51.31073333333333
invitacion,76.564,29.401999999999997,43.550599999999996
informativa,81.97,15.865,35.6965
otros,51.21714285714285,16.978571428571428,27.25014285714286
formacion,60.864,8.956999999999999,24.5291
eventos,73.46666666666667,2.2566666666666664,23.619666666666664
ferias,64.71857142857142,4.2371428571428575,22.381571428571426
promocion,30.120000000000005,5.622,12.9714
