year,trackable_open_rate,click_rate,engagement_score
2024,73.417,21.6275,37.16435
2025,65.94625,14.630625,30.0253125
2026,71.68,28.665,41.56949999999999
