tipo_publico,trackable_open_rate,click_rate,engagement_score
all,78.27999999999999,11.02909090909091,31.204363636363635
artistas,87.85703703703703,28.522222222222222,46.32266666666666
programadores,30.5475,4.165,12.079749999999999
