weekday_name,trackable_open_rate,click_rate
Lunes,71.21533333333333,19.516666666666666
Martes,64.6725,21.485
Miércoles,68.89153846153846,21.717692307692307
Jueves,67.485,11.107
Viernes,94.12,5.88
Sábado,59.5,1.165
Domingo,,
