month,trackable_open_rate,click_rate
1,45.462857142857146,14.25
2,52.2325,19.055
3,50.718,9.442
4,100.0,40.0
5,94.12,22.83
6,84.66666666666667,9.526666666666667
7,86.88499999999999,21.165
9,85.28,25.89
10,84.46666666666667,33.89
11,61.05642857142857,8.574285714285715
12,87.49000000000001,21.228333333333335
