tematica_asunto,trackable_open_rate,click_rate,click_to_open_rate
convocatoria,92.26866666666666,33.757333333333335,45.948
registro_plataforma,90.275,17.419999999999998,25.0
otros,83.14166666666667,25.993333333333336,30.086666666666662
evento_feria,64.71857142857142,4.2371428571428575,9.264285714285714
descubrimiento,52.333333333333336,14.545555555555556,24.57
webinar_formacion,48.967999999999996,6.688666666666666,14.120666666666667
